# Minted by compare.py --mint from the reference asl, md5 61e672562465725a8c102288a7da9098,
# flags -xx -n -q -A -L -U, every probe exit 0 with its pass loop complete.
# probe<TAB>location of `warning #180` (or -)<TAB>times asl printed it
p01_size	p01_size.asm(5)	1
p01_size	p01_size.asm(6)	1
p02_dest	p02_dest.asm(5)	1
p02_dest	p02_dest.asm(6)	1
p02_dest	p02_dest.asm(7)	2
p02_dest	p02_dest.asm(8)	1
p02_dest	p02_dest.asm(9)	1
p03_abs_forms	p03_abs_forms.asm(10)	1
p03_abs_forms	p03_abs_forms.asm(11)	1
p03_abs_forms	p03_abs_forms.asm(4)	1
p03_abs_forms	p03_abs_forms.asm(5)	1
p03_abs_forms	p03_abs_forms.asm(6)	1
p03_abs_forms	p03_abs_forms.asm(7)	1
p03_abs_forms	p03_abs_forms.asm(8)	1
p04_symbols	p04_symbols.asm(10)	2
p04_symbols	p04_symbols.asm(12)	1
p04_symbols	p04_symbols.asm(7)	2
p04_symbols	p04_symbols.asm(8)	2
p05_noaccess	p05_noaccess.asm(6)	1
p05_noaccess	p05_noaccess.asm(7)	1
p05_noaccess	p05_noaccess.asm(8)	1
p05_noaccess	p05_noaccess.asm(9)	1
p06_pcrel	p06_pcrel.asm(10)	1
p06_pcrel	p06_pcrel.asm(11)	1
p07_disp	-	0
p08_imm	-	0
p09_insns	p09_insns.asm(10)	1
p09_insns	p09_insns.asm(11)	1
p09_insns	p09_insns.asm(12)	1
p09_insns	p09_insns.asm(13)	1
p09_insns	p09_insns.asm(14)	1
p09_insns	p09_insns.asm(15)	1
p09_insns	p09_insns.asm(16)	1
p09_insns	p09_insns.asm(18)	1
p09_insns	p09_insns.asm(19)	1
p09_insns	p09_insns.asm(20)	1
p09_insns	p09_insns.asm(21)	1
p09_insns	p09_insns.asm(26)	1
p09_insns	p09_insns.asm(4)	1
p09_insns	p09_insns.asm(5)	1
p09_insns	p09_insns.asm(6)	2
p09_insns	p09_insns.asm(7)	1
p10_cpu_68008	p10_cpu_68008.asm(4)	1
p10_cpu_68008	p10_cpu_68008.asm(5)	1
p10_cpu_68008	p10_cpu_68008.asm(6)	1
p10_cpu_68010	p10_cpu_68010.asm(4)	1
p10_cpu_68010	p10_cpu_68010.asm(5)	1
p10_cpu_68010	p10_cpu_68010.asm(6)	1
p10_cpu_68020	-	0
p10_cpu_68030	-	0
p10_cpu_68040	-	0
p10_cpu_68332	-	0
p11_supmode_on	p11_supmode_on.asm(5)	1
p11_supmode_on	p11_supmode_on.asm(6)	1
p11_supmode_on	p11_supmode_on.asm(7)	1
p12_padding_on	p12_padding_on.asm(4)	1
p12_padding_on	p12_padding_on.asm(5)	1
p12_padding_on	p12_padding_on.asm(6)	1
p13a_oddpc_insn	p13a_oddpc_insn.asm(5)	1
p13b_oddpc_dcw	-	0
p13c_oddpc_dcl	-	0
p13d_oddpc_padding_on	-	0
p14_macro	p14_macro.asm(7) rd(1)	1
p14_macro	p14_macro.asm(9) rd(1)	1
p15_include	p15_inc.inc(2)	1
p15_include	p15_include.asm(5)	1
p16_if_arms	p16_if_arms.asm(12)	1
p16_if_arms	p16_if_arms.asm(8)	1
p17_byte_forms	-	0
p18_imm_to_mem	p18_imm_to_mem.asm(10)	2
p18_imm_to_mem	p18_imm_to_mem.asm(12)	1
p18_imm_to_mem	p18_imm_to_mem.asm(13)	1
p18_imm_to_mem	p18_imm_to_mem.asm(4)	1
p18_imm_to_mem	p18_imm_to_mem.asm(5)	2
p18_imm_to_mem	p18_imm_to_mem.asm(6)	2
p18_imm_to_mem	p18_imm_to_mem.asm(7)	2
p18_imm_to_mem	p18_imm_to_mem.asm(8)	2
p18_imm_to_mem	p18_imm_to_mem.asm(9)	1
p19_branches	p19_branches.asm(7)	1
p19_branches	p19_branches.asm(8)	1
p20_phase	p20_phase.asm(7)	1
p20_phase	p20_phase.asm(8)	1
p21_multiplicity	p21_multiplicity.asm(4)	2
p22_expr_forms	p22_expr_forms.asm(5)	1
p22_expr_forms	p22_expr_forms.asm(7)	1
p22_expr_forms	p22_expr_forms.asm(8)	1
p22_expr_forms	p22_expr_forms.asm(9)	1
p23a_oddpc_nop	p23a_oddpc_nop.asm(5)	1
p23b_oddpc_byte_insn	p23b_oddpc_byte_insn.asm(5)	1
p23c_oddpc_68020	p23c_oddpc_68020.asm(5)	1
p23d_oddpc_and_oddaddr	p23d_oddpc_and_oddaddr.asm(5)	2
p23e_oddpc_org1	p23e_oddpc_org1.asm(4)	1
p23f_oddpc_two_insns	p23f_oddpc_two_insns.asm(5)	1
p23f_oddpc_two_insns	p23f_oddpc_two_insns.asm(6)	1
p23g_oddpc_label_only	-	0
p23h_oddpc_ds	p23h_oddpc_ds.asm(5)	1
p23i_oddpc_68008	p23i_oddpc_68008.asm(5)	1
p23j_oddpc_phase	p23j_oddpc_phase.asm(5)	1
p24_unsuffixed	p24_unsuffixed.asm(10)	1
p24_unsuffixed	p24_unsuffixed.asm(11)	1
p24_unsuffixed	p24_unsuffixed.asm(12)	1
p24_unsuffixed	p24_unsuffixed.asm(4)	1
p24_unsuffixed	p24_unsuffixed.asm(5)	1
p24_unsuffixed	p24_unsuffixed.asm(6)	1
p24_unsuffixed	p24_unsuffixed.asm(7)	1
p25_mnemonics	p25_mnemonics.asm(10)	1
p25_mnemonics	p25_mnemonics.asm(11)	1
p25_mnemonics	p25_mnemonics.asm(12)	1
p25_mnemonics	p25_mnemonics.asm(13)	1
p25_mnemonics	p25_mnemonics.asm(16)	1
p25_mnemonics	p25_mnemonics.asm(17)	1
p25_mnemonics	p25_mnemonics.asm(19)	1
p25_mnemonics	p25_mnemonics.asm(20)	1
p25_mnemonics	p25_mnemonics.asm(22)	1
p25_mnemonics	p25_mnemonics.asm(4)	1
p25_mnemonics	p25_mnemonics.asm(5)	1
p25_mnemonics	p25_mnemonics.asm(6)	1
p25_mnemonics	p25_mnemonics.asm(7)	1
p25_mnemonics	p25_mnemonics.asm(8)	2
p25_mnemonics	p25_mnemonics.asm(9)	1
p26a_phase_phys_odd_vma_even	-	0
p26b_phase_phys_even_vma_odd_data	-	0
p27_pc_symbol	p27_pc_symbol.asm(4)	1
p28_rept	p28_rept.asm(6) REPT 1(1)	1
p28_rept	p28_rept.asm(6) REPT 2(1)	1
p28_rept	p28_rept.asm(6) REPT 3(1)	1
p29_reg_indirect	-	0
p30_odd_label_long	p30_odd_label_long.asm(4)	1
p30_odd_label_long	p30_odd_label_long.asm(5)	1
s01_sigil_refuses_unsuffixed	s01_sigil_refuses_unsuffixed.asm(4)	1
s01_sigil_refuses_unsuffixed	s01_sigil_refuses_unsuffixed.asm(5)	1
s01_sigil_refuses_unsuffixed	s01_sigil_refuses_unsuffixed.asm(6)	1
s01_sigil_refuses_unsuffixed	s01_sigil_refuses_unsuffixed.asm(7)	1
s02_sigil_refuses_chk	s02_sigil_refuses_chk.asm(4)	1
s03_sigil_refuses_nbcd	-	0
